{
    "N\u00ba do Processo:": [
        "202455000971",
        "202454002017",
        "202483500847",
        "202471200309",
        "202471101400",
        "202420600794",
        "202471101628",
        "202471101525",
        "202471101419",
        "202400144245",
        "202471101049",
        "202271101513",
        "202271101513",
        "202271101513",
        "202410701553",
        "202283501523",
        "202400144245",
        "202471100903",
        "202471100968",
        "202482000933",
        "202471101552"
    ],
    "N\u00ba do mandado:": [
        "202455007483",
        "202454005284",
        "202483504647",
        "202471201972",
        "202471104602",
        "202420604524",
        "202471104575",
        "202471104581",
        "202471104576",
        "202400106034",
        "202471104560",
        "202471104534",
        "202471104532",
        "202471104527",
        "202410704767",
        "202483504512",
        "202400105938",
        "202471104464",
        "202471104427",
        "202482003193",
        "202471104342"
    ],
    "Destinatario do mandado:": [
        "ADENILSON LIMA LOPES",
        "RAIMUNDO PAULO DE CARVALHO NETO ME",
        "Layne Priscylla Evangelista Vieira Santos",
        "Raquel Martins Gon\u00e7alves",
        "CREAS",
        "Jasmim de Jesus Silva",
        "LEANDRO FERREIRA SANTOS",
        "MARIA LUCINEIDE DE LIMA SOUSA",
        "BERNDA CECILIA MESSIAS SANTANA",
        "PREFEITO MUNICIPAL DE SALGADO",
        "Prefeito do Munic\u00edpio de Salgado",
        "Hulda de Souza Farias Fonseca",
        "Hilta dos Santos Silveira",
        "Ednaldo Jose de Santana",
        "ILANE CRISTINE BARBOSA DOS SANTOS",
        "Antonio Marcos Fran\u00e7a Costa",
        "PREFEITO MUNICIPAL DE SALGADO",
        "LUAN MARTINS DA CRUZ",
        "SAVIO THIERRY SANTOS LIMA",
        "HUGO DELEON DE SANTANA NASCIMENTO",
        "FERNANDA NASCIMENTO"
    ],
    "Endereco": [
        "ANT\u00d4NIO JOS\u00c9 DE SIQUEIRA n\u00ba 152. BAIRRO: CENTRO. SALGADO/ SE. CEP: 49390-000",
        "ROD LOURIVAL BATISTA n\u00ba 766, SALA 6. BAIRRO: CENTRO. SALGADO/ SE. CEP: 49390-000. Telefone: 79999862396. Email: katiuscia_carvalho@hotmail.com",
        "PRA\u00c7A DURVAL MILIT\u00c3O n\u00ba 28, CASA. BAIRRO: CENTRO. SALGADO/ SE. CEP: 49390-000. Telefone: 79999577666",
        "Rua Maria Francisca de Jesus , A2, Conjunto Leninha Ribeiro. BAIRRO: Esta\u00e7\u00e3o. SALGADO/ SE. CEP: 49390-000. Telefone: 79996548802",
        "CREAS . BAIRRO: Centro. Salgado/ SE. CEP: 49390-000",
        "outros I n\u00ba 214, Lot Flora Batista 79- 99856-5105. BAIRRO: Centro. Salgado/ SE. CEP: 49390-000",
        "Avenida Tv Luis Gomes Santos n\u00ba 147. BAIRRO: CENTRO . SALGADO / SE. CEP: 49390-000. Telefone: 79999570086. Email: munizemenesesadv@gmail.com",
        ". SALGADO/ SE. CEP: 49390-000. Telefone: 83993746113",
        ". SALGADO/ SE. CEP: 49390-000. Telefone: 79998684106",
        "AV. JOAO ALVES FILHO . SALGADO/ SE. CEP: 49390-000. Telefone: 99999999999. Email: XXX.COM.BR",
        "AV JOAO ALVES FILHO, SN . BAIRRO: Centro. Salgado/ SE. CEP: 49390-000",
        "Rua Pedro Gois n\u00ba 25. BAIRRO: Centro . Salgado / SE. CEP: 49390-000",
        "Rua Antonio Carvalho . BAIRRO: Centro . Salgado / SE. CEP: 49390-000",
        "Loteamento Flora Batista n\u00ba 202. BAIRRO: Centro . Salgado / SE. CEP: 49390-000",
        "Av. Virgulino Salgueiro da Silva, 360 . BAIRRO: Centro. SALGADO/ SE. CEP: 49390-000. Telefone: 79932459514",
        "Rua Maria de Lourdes Almeida n\u00ba 135, Conj Josias Carvalho, Bairro Esta\u00e7\u00e3o. BAIRRO: Centro. Salgado/ SE. CEP: 49390-000. Telefone: 79999319629. Email: marcosfrancis7235@hotmail.com",
        "AV. JOAO ALVES FILHO . SALGADO/ SE. CEP: 49390-000. Telefone: 99999999999. Email: XXX.COM.BR",
        "JUSTINO BARBOSA n\u00ba 257. BAIRRO: centro . salgado / SE. CEP: 49390-000",
        "R MANOEL LUIZ n\u00ba 36. BAIRRO: CENTRO . SALGADO / SE. CEP: 49390-000. Email: seme-mail@sememail.com",
        "TRAVESSA JOS\u00c9 HENRIQUE DOS SANTOS n\u00ba 37. BAIRRO: CENTRO. SALGADO/ SE. CEP: 49390-000. Telefone: 79996931094. Email: hugodeleonsantananascimento055@gmail.com",
        "RUA JOS\u00c9 BARRETO DE GOIS n\u00ba 97. BAIRRO: CENTRO. SALGADO/ SE. CEP: 49390-000. Telefone: 79996525368. Email: naoexiste@hotmail.com"
    ],
    "Situa\u00e7\u00e3o": [
        "Impresso\n19/10/2024 09:29",
        "Impresso\n18/10/2024 14:06",
        "Impresso\n18/10/2024 14:07",
        "Impresso\n18/10/2024 14:07",
        "Impresso\n18/10/2024 10:26",
        "Impresso\n18/10/2024 14:07",
        "Impresso\n16/10/2024 19:35",
        "Impresso\n16/10/2024 19:35",
        "Impresso\n16/10/2024 19:35",
        "Impresso\n16/10/2024 19:36",
        "Impresso\n16/10/2024 19:36",
        "Impresso\n15/10/2024 13:31",
        "Impresso\n16/10/2024 07:08",
        "Impresso\n16/10/2024 07:08",
        "Impresso\n15/10/2024 09:05",
        "Impresso\n14/10/2024 11:44",
        "Impresso\n11/10/2024 11:46",
        "Impresso\n10/10/2024 07:00",
        "Impresso\n09/10/2024 10:36",
        "Impresso\n08/10/2024 14:56",
        "Impresso\n01/10/2024 11:13"
    ],
    "Prioridade": [
        "Urgente",
        "Normal",
        "Audi\u00eancia",
        "Normal",
        "Normal",
        "Audi\u00eancia",
        "Normal",
        "Audi\u00eancia",
        "Audi\u00eancia",
        "Audi\u00eancia",
        "Normal",
        "Audi\u00eancia",
        "Audi\u00eancia",
        "Audi\u00eancia",
        "Normal",
        "Normal",
        "Audi\u00eancia",
        "Normal",
        "Normal",
        "Normal",
        "Audi\u00eancia"
    ],
    "Audi\u00eancia": [
        "",
        "",
        "21/01/2025 09:00",
        "",
        "",
        "19/12/2024 09:30",
        "",
        "27/01/2025 10:25",
        "27/01/2025 09:50",
        "06/11/2024 08:30",
        "",
        "05/11/2024 08:30",
        "05/11/2024 08:30",
        "05/11/2024 08:30",
        "",
        "",
        "01/11/2024 00:00",
        "",
        "",
        "",
        "09/12/2024 10:45"
    ],
    "Recebimento": [
        "18/10/2024 17:55:52",
        "18/10/2024 13:37:00",
        "18/10/2024 13:13:18",
        "18/10/2024 11:21:54",
        "17/10/2024 14:02:14",
        "17/10/2024 08:37:55",
        "16/10/2024 14:08:59",
        "16/10/2024 12:33:27",
        "16/10/2024 12:08:04",
        "16/10/2024 10:38:14",
        "16/10/2024 09:08:20",
        "15/10/2024 11:00:07",
        "15/10/2024 11:00:00",
        "15/10/2024 10:59:36",
        "15/10/2024 08:59:00",
        "14/10/2024 09:48:28",
        "10/10/2024 10:24:39",
        "09/10/2024 17:00:35",
        "09/10/2024 10:00:01",
        "08/10/2024 11:08:30",
        "01/10/2024 10:17:31"
    ],
    "Final de prazo": [
        "19/10/2024 17:55:52",
        "09/11/2024 07:00:00",
        "09/11/2024 07:00:00",
        "09/11/2024 07:00:00",
        "06/11/2024 14:02:14",
        "06/11/2024 08:37:55",
        "06/11/2024 07:00:00",
        "06/11/2024 07:00:00",
        "06/11/2024 07:00:00",
        "06/11/2024 07:00:00",
        "06/11/2024 07:00:00",
        "04/11/2024 11:00:07",
        "04/11/2024 11:00:00",
        "04/11/2024 10:59:36",
        "04/11/2024 08:59:00",
        "03/11/2024 09:48:28",
        "31/10/2024 10:24:39",
        "30/10/2024 17:00:35",
        "30/10/2024 10:00:01",
        "29/10/2024 11:08:30",
        "23/10/2024 10:17:31"
    ],
    "a\u00e7\u00e3o": [
        "",
        "",
        "",
        "",
        "",
        "",
        "",
        "",
        "",
        "",
        "",
        "",
        "",
        "",
        "",
        "",
        "",
        "",
        "",
        "",
        ""
    ],
    "Tipo do mandado:": [
        "",
        "",
        "",
        "",
        "",
        "",
        "",
        "",
        "",
        "",
        "",
        "",
        "",
        "",
        "",
        "",
        "",
        "",
        "",
        "",
        ""
    ],
    "telefone": [
        "",
        "",
        "",
        "",
        "",
        "",
        "",
        "",
        "",
        "",
        "",
        "",
        "",
        "",
        "",
        "",
        "",
        "",
        "",
        "",
        ""
    ]
}